Selection_Rank,MSME_ID,Sector,Category,Location_Type,Scheme_ID,Scheme_Name,Before_Annual_Revenue,Before_Employees,Subsidy_Applied,New_Jobs_Added,Projected_Revenue,Projected_Employees,Revenue_Increase_Pct,Employment_Increase_Pct,Norm_Rev_Score,Norm_Emp_Score,Composite_Score,Efficiency,Policy_Alpha,Policy_Beta,Efficiency_Rank,Cumulative_Budget_Used,Remaining_Budget,Decision_Justification
1,MSME_0312,Retail,Micro,Semi-Urban,SCH_005,New Enterprise Support,509233.14,39,101846.63,1,611079.77,40,20.0,2.5641,0.8,0.28205128205128205,0.5928205128205128,5.82071800334005e-06,0.6,0.4,1,101846.63,49898153.37,"Selected (Efficiency Rank #1 of 354). Revenue impact: 20.00% (weight=0.6), Employment impact: 2.56% (weight=0.4). Composite score: 0.5928. Subsidy ₹101,847 fit within remaining budget ₹50,000,000."
2,MSME_0193,Retail,Micro,Semi-Urban,SCH_005,New Enterprise Support,715981.85,34,143196.37,1,859178.22,35,20.0,2.9412,0.8,0.32353232353232353,0.6094129294129293,4.255784761952621e-06,0.6,0.4,2,245043.00000000268,49754957.0,"Selected (Efficiency Rank #2 of 354). Revenue impact: 20.00% (weight=0.6), Employment impact: 2.94% (weight=0.4). Composite score: 0.6094. Subsidy ₹143,196 fit within remaining budget ₹49,898,153."
3,MSME_0139,Manufacturing,Small,Rural,SCH_001,Digital MSME Transformation Grant,961915.18,123,144287.28,2,1106202.46,125,15.0,1.626,0.6,0.17886017886017885,0.43154407154407154,2.9908670504016123e-06,0.6,0.4,3,389330.28,49610669.72,"Selected (Efficiency Rank #3 of 354). Revenue impact: 15.00% (weight=0.6), Employment impact: 1.63% (weight=0.4). Composite score: 0.4315. Subsidy ₹144,287 fit within remaining budget ₹49,754,957."
4,MSME_0199,Textiles,Medium,Semi-Urban,SCH_002,Green Tech Subsidy,1667950.75,64,166795.07,3,1834745.82,67,10.0,4.6875,0.4,0.5156255156255156,0.4462502062502063,2.6754400249971795e-06,0.6,0.4,4,556125.3500000013,49443874.65,"Selected (Efficiency Rank #4 of 354). Revenue impact: 10.00% (weight=0.6), Employment impact: 4.69% (weight=0.4). Composite score: 0.4463. Subsidy ₹166,795 fit within remaining budget ₹49,610,670."
5,MSME_0304,Food Processing,Medium,Urban,SCH_004,Export Excellence Incentive,1174884.18,51,293721.05,2,1468605.23,53,25.0,3.9216,1.0,0.43137643137643145,0.7725505725505726,2.6302186123554053e-06,0.6,0.4,5,849846.4000000015,49150153.6,"Selected (Efficiency Rank #5 of 354). Revenue impact: 25.00% (weight=0.6), Employment impact: 3.92% (weight=0.4). Composite score: 0.7726. Subsidy ₹293,721 fit within remaining budget ₹49,443,875."
6,MSME_0122,Manufacturing,Small,Urban,SCH_002,Green Tech Subsidy,2289938.84,104,228993.88,5,2518932.72,109,10.0,4.8077,0.4,0.5288475288475288,0.45153901153901155,1.9718387737655326e-06,0.6,0.4,6,1078840.2799999984,48921159.72,"Selected (Efficiency Rank #6 of 354). Revenue impact: 10.00% (weight=0.6), Employment impact: 4.81% (weight=0.4). Composite score: 0.4515. Subsidy ₹228,994 fit within remaining budget ₹49,150,154."
7,MSME_0199,Textiles,Medium,Semi-Urban,SCH_004,Export Excellence Incentive,1667950.75,64,416987.69,3,2084938.44,67,25.0,4.6875,1.0,0.5156255156255156,0.8062502062502063,1.933510809995869e-06,0.6,0.4,7,1495827.9700000011,48504172.03,"Selected (Efficiency Rank #7 of 354). Revenue impact: 25.00% (weight=0.6), Employment impact: 4.69% (weight=0.4). Composite score: 0.8063. Subsidy ₹416,988 fit within remaining budget ₹48,921,160."
8,MSME_0344,Retail,Micro,Urban,SCH_005,New Enterprise Support,3280019.49,19,200000.0,1,3480019.49,20,6.0975,5.2632,0.2439,0.578952578952579,0.37792103158103163,1.889605157905158e-06,0.6,0.4,8,1695827.9699999988,48304172.03,"Selected (Efficiency Rank #8 of 354). Revenue impact: 6.10% (weight=0.6), Employment impact: 5.26% (weight=0.4). Composite score: 0.3779. Subsidy ₹200,000 fit within remaining budget ₹48,504,172."
9,MSME_0045,Manufacturing,Micro,Semi-Urban,SCH_005,New Enterprise Support,2445950.92,31,200000.0,1,2645950.92,32,8.1768,3.2258,0.32707200000000003,0.35483835483835485,0.3381785419353419,1.6908927096767096e-06,0.6,0.4,9,1895827.9699999988,48104172.03,"Selected (Efficiency Rank #9 of 354). Revenue impact: 8.18% (weight=0.6), Employment impact: 3.23% (weight=0.4). Composite score: 0.3382. Subsidy ₹200,000 fit within remaining budget ₹48,304,172."
10,MSME_0348,Food Processing,Micro,Rural,SCH_003,Rural Employment Boost,5974878.14,24,298743.91,2,6273622.05,26,5.0,8.3333,0.2,0.9166639166639167,0.4866655666655667,1.6290392887525866e-06,0.6,0.4,10,2194571.879999999,47805428.120000005,"Selected (Efficiency Rank #10 of 354). Revenue impact: 5.00% (weight=0.6), Employment impact: 8.33% (weight=0.4). Composite score: 0.4867. Subsidy ₹298,744 fit within remaining budget ₹48,104,172."
11,MSME_0310,Textiles,Micro,Urban,SCH_005,New Enterprise Support,1536238.83,5,200000.0,0,1736238.83,5,13.0188,0.0,0.520752,0.0,0.3124512,1.562256e-06,0.6,0.4,11,2394571.879999995,47605428.120000005,"Selected (Efficiency Rank #11 of 354). Revenue impact: 13.02% (weight=0.6), Employment impact: 0.00% (weight=0.4). Composite score: 0.3125. Subsidy ₹200,000 fit within remaining budget ₹47,805,428."
12,MSME_0191,Textiles,Micro,Semi-Urban,SCH_005,New Enterprise Support,9857456.47,18,200000.0,1,10057456.47,19,2.0289,5.5556,0.081156,0.6111166111166112,0.2931402444466445,1.4657012222332225e-06,0.6,0.4,12,2594571.879999995,47405428.120000005,"Selected (Efficiency Rank #12 of 354). Revenue impact: 2.03% (weight=0.6), Employment impact: 5.56% (weight=0.4). Composite score: 0.2931. Subsidy ₹200,000 fit within remaining budget ₹47,605,428."
13,MSME_0018,Retail,Micro,Urban,SCH_005,New Enterprise Support,11894170.78,18,200000.0,1,12094170.78,19,1.6815,5.5556,0.06726,0.6111166111166112,0.2848026444466445,1.4240132222332224e-06,0.6,0.4,13,2794571.879999995,47205428.120000005,"Selected (Efficiency Rank #13 of 354). Revenue impact: 1.68% (weight=0.6), Employment impact: 5.56% (weight=0.4). Composite score: 0.2848. Subsidy ₹200,000 fit within remaining budget ₹47,405,428."
14,MSME_0240,Manufacturing,Micro,Semi-Urban,SCH_005,New Enterprise Support,23975623.54,17,200000.0,1,24175623.54,18,0.8342,5.8824,0.033368,0.6470646470646471,0.27884665882585885,1.3942332941292943e-06,0.6,0.4,14,2994571.879999995,47005428.120000005,"Selected (Efficiency Rank #14 of 354). Revenue impact: 0.83% (weight=0.6), Employment impact: 5.88% (weight=0.4). Composite score: 0.2788. Subsidy ₹200,000 fit within remaining budget ₹47,205,428."
15,MSME_0223,Food Processing,Micro,Rural,SCH_003,Rural Employment Boost,47092986.19,11,300000.0,1,47392986.19,12,0.637,9.0909,0.02548,1.0,0.41528800000000005,1.3842933333333334e-06,0.6,0.4,15,3294571.879999995,46705428.120000005,"Selected (Efficiency Rank #15 of 354). Revenue impact: 0.64% (weight=0.6), Employment impact: 9.09% (weight=0.4). Composite score: 0.4153. Subsidy ₹300,000 fit within remaining budget ₹47,005,428."
16,MSME_0045,Manufacturing,Micro,Semi-Urban,SCH_001,Digital MSME Transformation Grant,2445950.92,31,366892.64,1,2812843.56,32,15.0,3.2258,0.6,0.35483835483835485,0.501935341935342,1.3680714389237733e-06,0.6,0.4,16,3661464.5199999954,46338535.480000004,"Selected (Efficiency Rank #16 of 354). Revenue impact: 15.00% (weight=0.6), Employment impact: 3.23% (weight=0.4). Composite score: 0.5019. Subsidy ₹366,893 fit within remaining budget ₹46,705,428."
17,MSME_0302,Retail,Micro,Urban,SCH_005,New Enterprise Support,34141842.53,17,200000.0,1,34341842.53,18,0.5858,5.8824,0.023431999999999998,0.6470646470646471,0.27288505882585884,1.3644252941292942e-06,0.6,0.4,17,3861464.519999996,46138535.480000004,"Selected (Efficiency Rank #17 of 354). Revenue impact: 0.59% (weight=0.6), Employment impact: 5.88% (weight=0.4). Composite score: 0.2729. Subsidy ₹200,000 fit within remaining budget ₹46,338,535."
18,MSME_0036,Manufacturing,Micro,Urban,SCH_005,New Enterprise Support,34939560.1,17,200000.0,1,35139560.1,18,0.5724,5.8824,0.022896,0.6470646470646471,0.27256345882585886,1.3628172941292942e-06,0.6,0.4,18,4061464.519999996,45938535.480000004,"Selected (Efficiency Rank #18 of 354). Revenue impact: 0.57% (weight=0.6), Employment impact: 5.88% (weight=0.4). Composite score: 0.2726. Subsidy ₹200,000 fit within remaining budget ₹46,138,535."
19,MSME_0204,Food Processing,Micro,Semi-Urban,SCH_005,New Enterprise Support,39760572.26,17,200000.0,1,39960572.26,18,0.503,5.8824,0.02012,0.6470646470646471,0.2708978588258588,1.3544892941292941e-06,0.6,0.4,19,4261464.519999996,45738535.480000004,"Selected (Efficiency Rank #19 of 354). Revenue impact: 0.50% (weight=0.6), Employment impact: 5.88% (weight=0.4). Composite score: 0.2709. Subsidy ₹200,000 fit within remaining budget ₹45,938,535."
20,MSME_0257,Manufacturing,Medium,Urban,SCH_002,Green Tech Subsidy,3588506.4,36,358850.64,2,3947357.04,38,10.0,5.5556,0.4,0.6111166111166112,0.4844466444466445,1.3499952081641668e-06,0.6,0.4,20,4620315.1599999955,45379684.84,"Selected (Efficiency Rank #20 of 354). Revenue impact: 10.00% (weight=0.6), Employment impact: 5.56% (weight=0.4). Composite score: 0.4844. Subsidy ₹358,851 fit within remaining budget ₹45,738,535."
21,MSME_0284,Food Processing,Micro,Rural,SCH_005,New Enterprise Support,44365997.72,17,200000.0,1,44565997.72,18,0.4508,5.8824,0.018032,0.6470646470646471,0.2696450588258588,1.348225294129294e-06,0.6,0.4,21,4820315.159999996,45179684.84,"Selected (Efficiency Rank #21 of 354). Revenue impact: 0.45% (weight=0.6), Employment impact: 5.88% (weight=0.4). Composite score: 0.2696. Subsidy ₹200,000 fit within remaining budget ₹45,379,685."
22,MSME_0013,Food Processing,Micro,Semi-Urban,SCH_005,New Enterprise Support,9732666.26,20,200000.0,1,9932666.26,21,2.0549,5.0,0.08219599999999999,0.55000055000055,0.26931782000022003,1.3465891000011e-06,0.6,0.4,22,5020315.159999996,44979684.84,"Selected (Efficiency Rank #22 of 354). Revenue impact: 2.05% (weight=0.6), Employment impact: 5.00% (weight=0.4). Composite score: 0.2693. Subsidy ₹200,000 fit within remaining budget ₹45,179,685."
23,MSME_0035,Textiles,Micro,Rural,SCH_003,Rural Employment Boost,22098623.66,48,300000.0,4,22398623.66,52,1.3576,8.3333,0.054304,0.9166639166639167,0.3992479666655667,1.330826555551889e-06,0.6,0.4,23,5320315.159999996,44679684.84,"Selected (Efficiency Rank #23 of 354). Revenue impact: 1.36% (weight=0.6), Employment impact: 8.33% (weight=0.4). Composite score: 0.3992. Subsidy ₹300,000 fit within remaining budget ₹44,979,685."
24,MSME_0348,Food Processing,Micro,Rural,SCH_005,New Enterprise Support,5974878.14,24,200000.0,1,6174878.14,25,3.3473,4.1667,0.133892,0.4583374583374583,0.2636701833349833,1.3183509166749167e-06,0.6,0.4,24,5520315.159999996,44479684.84,"Selected (Efficiency Rank #24 of 354). Revenue impact: 3.35% (weight=0.6), Employment impact: 4.17% (weight=0.4). Composite score: 0.2637. Subsidy ₹200,000 fit within remaining budget ₹44,679,685."
25,MSME_0135,IT Services,Micro,Semi-Urban,SCH_005,New Enterprise Support,26278023.02,18,200000.0,1,26478023.02,19,0.7611,5.5556,0.030444,0.6111166111166112,0.2627130444466445,1.3135652222332225e-06,0.6,0.4,25,5720315.159999996,44279684.84,"Selected (Efficiency Rank #25 of 354). Revenue impact: 0.76% (weight=0.6), Employment impact: 5.56% (weight=0.4). Composite score: 0.2627. Subsidy ₹200,000 fit within remaining budget ₹44,479,685."
26,MSME_0140,Food Processing,Micro,Urban,SCH_005,New Enterprise Support,27934212.45,18,200000.0,1,28134212.45,19,0.716,5.5556,0.02864,0.6111166111166112,0.26163064444664447,1.3081532222332224e-06,0.6,0.4,26,5920315.159999996,44079684.84,"Selected (Efficiency Rank #26 of 354). Revenue impact: 0.72% (weight=0.6), Employment impact: 5.56% (weight=0.4). Composite score: 0.2616. Subsidy ₹200,000 fit within remaining budget ₹44,279,685."
27,MSME_0122,Manufacturing,Small,Urban,SCH_001,Digital MSME Transformation Grant,2289938.84,104,343490.83,2,2633429.66,106,15.0,1.9231,0.6,0.21154121154121155,0.4446164846164846,1.2944056894225812e-06,0.6,0.4,27,6263805.9899999965,43736194.010000005,"Selected (Efficiency Rank #27 of 354). Revenue impact: 15.00% (weight=0.6), Employment impact: 1.92% (weight=0.4). Composite score: 0.4446. Subsidy ₹343,491 fit within remaining budget ₹44,079,685."
28,MSME_0085,Food Processing,Micro,Rural,SCH_003,Rural Employment Boost,26302385.45,49,300000.0,4,26602385.45,53,1.1406,8.1633,0.045624000000000005,0.897963897963898,0.38655995918555924,1.2885331972851975e-06,0.6,0.4,28,6563805.989999995,43436194.010000005,"Selected (Efficiency Rank #28 of 354). Revenue impact: 1.14% (weight=0.6), Employment impact: 8.16% (weight=0.4). Composite score: 0.3866. Subsidy ₹300,000 fit within remaining budget ₹43,736,194."
29,MSME_0088,Textiles,Micro,Urban,SCH_005,New Enterprise Support,39545945.6,18,200000.0,1,39745945.6,19,0.5057,5.5556,0.020228000000000003,0.6111166111166112,0.2565834444466445,1.2829172222332225e-06,0.6,0.4,29,6763805.989999995,43236194.010000005,"Selected (Efficiency Rank #29 of 354). Revenue impact: 0.51% (weight=0.6), Employment impact: 5.56% (weight=0.4). Composite score: 0.2566. Subsidy ₹200,000 fit within remaining budget ₹43,436,194."
30,MSME_0250,Food Processing,Medium,Semi-Urban,SCH_004,Export Excellence Incentive,2497365.93,67,624341.48,3,3121707.41,70,25.0,4.4776,1.0,0.49253649253649257,0.797014597014597,1.2765683885276965e-06,0.6,0.4,30,7388147.469999995,42611852.53000001,"Selected (Efficiency Rank #30 of 354). Revenue impact: 25.00% (weight=0.6), Employment impact: 4.48% (weight=0.4). Composite score: 0.7970. Subsidy ₹624,341 fit within remaining budget ₹43,236,194."
31,MSME_0007,Manufacturing,Small,Urban,SCH_002,Green Tech Subsidy,3646138.34,123,364613.83,6,4010752.17,129,10.0,4.878,0.4,0.5365805365805366,0.45463221463221465,1.2468869176800414e-06,0.6,0.4,31,7752761.299999991,42247238.70000001,"Selected (Efficiency Rank #31 of 354). Revenue impact: 10.00% (weight=0.6), Employment impact: 4.88% (weight=0.4). Composite score: 0.4546. Subsidy ₹364,614 fit within remaining budget ₹42,611,853."
32,MSME_0008,IT Services,Small,Semi-Urban,SCH_001,Digital MSME Transformation Grant,2501462.68,82,375219.4,2,2876682.08,84,15.0,2.439,0.6,0.2682902682902683,0.4673161073161073,1.2454476162909148e-06,0.6,0.4,32,8127980.69999999,41872019.30000001,"Selected (Efficiency Rank #32 of 354). Revenue impact: 15.00% (weight=0.6), Employment impact: 2.44% (weight=0.4). Composite score: 0.4673. Subsidy ₹375,219 fit within remaining budget ₹42,247,239."
33,MSME_0251,Food Processing,Micro,Urban,SCH_005,New Enterprise Support,20415580.28,20,200000.0,1,20615580.28,21,0.9796,5.0,0.039184000000000004,0.55000055000055,0.24351062000022,1.2175531000011e-06,0.6,0.4,33,8327980.699999988,41672019.30000001,"Selected (Efficiency Rank #33 of 354). Revenue impact: 0.98% (weight=0.6), Employment impact: 5.00% (weight=0.4). Composite score: 0.2435. Subsidy ₹200,000 fit within remaining budget ₹41,872,019."
34,MSME_0346,IT Services,Micro,Semi-Urban,SCH_005,New Enterprise Support,16382299.87,21,200000.0,1,16582299.87,22,1.2208,4.7619,0.04883200000000001,0.5238095238095238,0.23882300952380955,1.1941150476190479e-06,0.6,0.4,34,8527980.699999988,41472019.30000001,"Selected (Efficiency Rank #34 of 354). Revenue impact: 1.22% (weight=0.6), Employment impact: 4.76% (weight=0.4). Composite score: 0.2388. Subsidy ₹200,000 fit within remaining budget ₹41,672,019."
35,MSME_0231,Manufacturing,Micro,Semi-Urban,SCH_005,New Enterprise Support,13808248.96,22,200000.0,1,14008248.96,23,1.4484,4.5455,0.057935999999999994,0.5000055000055,0.23476380000220004,1.1738190000110002e-06,0.6,0.4,35,8727980.699999988,41272019.30000001,"Selected (Efficiency Rank #35 of 354). Revenue impact: 1.45% (weight=0.6), Employment impact: 4.55% (weight=0.4). Composite score: 0.2348. Subsidy ₹200,000 fit within remaining budget ₹41,472,019."
36,MSME_0301,Textiles,Medium,Urban,SCH_002,Green Tech Subsidy,3935007.25,147,393500.73,7,4328507.98,154,10.0,4.7619,0.4,0.5238095238095238,0.44952380952380955,1.1423709671995007e-06,0.6,0.4,36,9121481.429999989,40878518.570000015,"Selected (Efficiency Rank #36 of 354). Revenue impact: 10.00% (weight=0.6), Employment impact: 4.76% (weight=0.4). Composite score: 0.4495. Subsidy ₹393,501 fit within remaining budget ₹41,272,019."
37,MSME_0328,Retail,Micro,Urban,SCH_005,New Enterprise Support,10811611.81,24,200000.0,1,11011611.81,25,1.8499,4.1667,0.073996,0.4583374583374583,0.22773258333498334,1.1386629166749166e-06,0.6,0.4,37,9321481.429999985,40678518.570000015,"Selected (Efficiency Rank #37 of 354). Revenue impact: 1.85% (weight=0.6), Employment impact: 4.17% (weight=0.4). Composite score: 0.2277. Subsidy ₹200,000 fit within remaining budget ₹40,878,519."
38,MSME_0119,Textiles,Small,Urban,SCH_002,Green Tech Subsidy,3961614.48,86,396161.45,4,4357775.93,90,10.0,4.6512,0.4,0.5116325116325117,0.44465300465300467,1.1224035166798906e-06,0.6,0.4,38,9717642.879999984,40282357.12000001,"Selected (Efficiency Rank #38 of 354). Revenue impact: 10.00% (weight=0.6), Employment impact: 4.65% (weight=0.4). Composite score: 0.4447. Subsidy ₹396,161 fit within remaining budget ₹40,678,519."
39,MSME_0154,Textiles,Micro,Semi-Urban,SCH_005,New Enterprise Support,32312395.55,21,200000.0,1,32512395.55,22,0.619,4.7619,0.02476,0.5238095238095238,0.22437980952380956,1.1218990476190477e-06,0.6,0.4,39,9917642.879999988,40082357.12000001,"Selected (Efficiency Rank #39 of 354). Revenue impact: 0.62% (weight=0.6), Employment impact: 4.76% (weight=0.4). Composite score: 0.2244. Subsidy ₹200,000 fit within remaining budget ₹40,282,357."
40,MSME_0195,Manufacturing,Micro,Urban,SCH_005,New Enterprise Support,21081976.28,23,200000.0,1,21281976.28,24,0.9487,4.3478,0.037948,0.47825847825847834,0.21407219130339136,1.070360956516957e-06,0.6,0.4,40,10117642.879999988,39882357.12000001,"Selected (Efficiency Rank #40 of 354). Revenue impact: 0.95% (weight=0.6), Employment impact: 4.35% (weight=0.4). Composite score: 0.2141. Subsidy ₹200,000 fit within remaining budget ₹40,082,357."
41,MSME_0019,Retail,Micro,Rural,SCH_005,New Enterprise Support,48349413.54,22,200000.0,1,48549413.54,23,0.4137,4.5455,0.016548,0.5000055000055,0.20993100000220002,1.0496550000110001e-06,0.6,0.4,41,10317642.879999988,39682357.12000001,"Selected (Efficiency Rank #41 of 354). Revenue impact: 0.41% (weight=0.6), Employment impact: 4.55% (weight=0.4). Composite score: 0.2099. Subsidy ₹200,000 fit within remaining budget ₹39,882,357."
42,MSME_0096,IT Services,Micro,Semi-Urban,SCH_005,New Enterprise Support,6648888.35,32,200000.0,1,6848888.35,33,3.008,3.125,0.12032,0.34375034375034375,0.2096921375001375,1.0484606875006875e-06,0.6,0.4,42,10517642.879999988,39482357.12000001,"Selected (Efficiency Rank #42 of 354). Revenue impact: 3.01% (weight=0.6), Employment impact: 3.12% (weight=0.4). Composite score: 0.2097. Subsidy ₹200,000 fit within remaining budget ₹39,682,357."
43,MSME_0109,Manufacturing,Micro,Urban,SCH_005,New Enterprise Support,4978843.92,39,200000.0,1,5178843.92,40,4.017,2.5641,0.16068000000000002,0.28205128205128205,0.20922851282051283,1.046142564102564e-06,0.6,0.4,43,10717642.879999988,39282357.12000001,"Selected (Efficiency Rank #43 of 354). Revenue impact: 4.02% (weight=0.6), Employment impact: 2.56% (weight=0.4). Composite score: 0.2092. Subsidy ₹200,000 fit within remaining budget ₹39,482,357."
44,MSME_0305,Manufacturing,Micro,Urban,SCH_005,New Enterprise Support,19741954.22,24,200000.0,1,19941954.22,25,1.0131,4.1667,0.040524,0.4583374583374583,0.2076493833349833,1.0382469166749165e-06,0.6,0.4,44,10917642.879999988,39082357.12000001,"Selected (Efficiency Rank #44 of 354). Revenue impact: 1.01% (weight=0.6), Employment impact: 4.17% (weight=0.4). Composite score: 0.2076. Subsidy ₹200,000 fit within remaining budget ₹39,282,357."
45,MSME_0009,Retail,Micro,Urban,SCH_005,New Enterprise Support,4310505.54,46,200000.0,1,4510505.54,47,4.6398,2.1739,0.185592,0.23912923912923917,0.20700689565169567,1.0350344782584784e-06,0.6,0.4,45,11117642.879999988,38882357.12000001,"Selected (Efficiency Rank #45 of 354). Revenue impact: 4.64% (weight=0.6), Employment impact: 2.17% (weight=0.4). Composite score: 0.2070. Subsidy ₹200,000 fit within remaining budget ₹39,082,357."
46,MSME_0238,Food Processing,Micro,Rural,SCH_003,Rural Employment Boost,43637686.86,30,300000.0,2,43937686.86,32,0.6875,6.6667,0.0275,0.7333377333377333,0.30983509333509335,1.0327836444503111e-06,0.6,0.4,46,11417642.879999988,38582357.12000001,"Selected (Efficiency Rank #46 of 354). Revenue impact: 0.69% (weight=0.6), Employment impact: 6.67% (weight=0.4). Composite score: 0.3098. Subsidy ₹300,000 fit within remaining budget ₹38,882,357."
47,MSME_0345,Food Processing,Micro,Urban,SCH_005,New Enterprise Support,33325739.32,23,200000.0,1,33525739.32,24,0.6001,4.3478,0.024003999999999998,0.47825847825847834,0.20570579130339137,1.028528956516957e-06,0.6,0.4,47,11617642.879999988,38382357.12000001,"Selected (Efficiency Rank #47 of 354). Revenue impact: 0.60% (weight=0.6), Employment impact: 4.35% (weight=0.4). Composite score: 0.2057. Subsidy ₹200,000 fit within remaining budget ₹38,582,357."
48,MSME_0023,Textiles,Medium,Rural,SCH_004,Export Excellence Incentive,3058245.2,71,764561.3,3,3822806.5,74,25.0,4.2254,1.0,0.4647944647944648,0.7859177859177859,1.0279329936236452e-06,0.6,0.4,48,12382204.179999989,37617795.820000015,"Selected (Efficiency Rank #48 of 354). Revenue impact: 25.00% (weight=0.6), Employment impact: 4.23% (weight=0.4). Composite score: 0.7859. Subsidy ₹764,561 fit within remaining budget ₹38,382,357."
49,MSME_0093,Manufacturing,Micro,Rural,SCH_005,New Enterprise Support,34435481.72,23,200000.0,1,34635481.72,24,0.5808,4.3478,0.023232,0.47825847825847834,0.20524259130339134,1.0262129565169567e-06,0.6,0.4,49,12582204.179999985,37417795.820000015,"Selected (Efficiency Rank #49 of 354). Revenue impact: 0.58% (weight=0.6), Employment impact: 4.35% (weight=0.4). Composite score: 0.2052. Subsidy ₹200,000 fit within remaining budget ₹37,617,796."
50,MSME_0052,Food Processing,Medium,Semi-Urban,SCH_004,Export Excellence Incentive,3065265.07,149,766316.27,6,3831581.34,155,25.0,4.0268,1.0,0.44294844294844293,0.7771793771793771,1.0141757491060148e-06,0.6,0.4,50,13348520.449999984,36651479.55000001,"Selected (Efficiency Rank #50 of 354). Revenue impact: 25.00% (weight=0.6), Employment impact: 4.03% (weight=0.4). Composite score: 0.7772. Subsidy ₹766,316 fit within remaining budget ₹37,417,796."
51,MSME_0041,Textiles,Micro,Rural,SCH_003,Rural Employment Boost,43894353.33,16,300000.0,1,44194353.33,17,0.6835,6.25,0.02734,0.6875006875006875,0.291404275000275,9.7134758333425e-07,0.6,0.4,51,13648520.449999988,36351479.55000001,"Selected (Efficiency Rank #51 of 354). Revenue impact: 0.68% (weight=0.6), Employment impact: 6.25% (weight=0.4). Composite score: 0.2914. Subsidy ₹300,000 fit within remaining budget ₹36,651,480."
52,MSME_0031,Textiles,Medium,Urban,SCH_002,Green Tech Subsidy,5039355.29,72,503935.53,4,5543290.82,76,10.0,5.5556,0.4,0.6111166111166112,0.4844466444466445,9.613266293143578e-07,0.6,0.4,52,14152455.979999987,35847544.02000001,"Selected (Efficiency Rank #52 of 354). Revenue impact: 10.00% (weight=0.6), Employment impact: 5.56% (weight=0.4). Composite score: 0.4844. Subsidy ₹503,936 fit within remaining budget ₹36,351,480."
53,MSME_0070,IT Services,Micro,Rural,SCH_005,New Enterprise Support,7430917.66,35,200000.0,1,7630917.66,36,2.6915,2.8571,0.10766,0.3142813142813143,0.1903085257125257,9.515426285626286e-07,0.6,0.4,53,14352455.97999999,35647544.02000001,"Selected (Efficiency Rank #53 of 354). Revenue impact: 2.69% (weight=0.6), Employment impact: 2.86% (weight=0.4). Composite score: 0.1903. Subsidy ₹200,000 fit within remaining budget ₹35,847,544."
54,MSME_0228,Textiles,Micro,Semi-Urban,SCH_005,New Enterprise Support,13306226.29,29,200000.0,1,13506226.29,30,1.5031,3.4483,0.060124000000000004,0.37931337931337933,0.18779975172535174,9.389987586267587e-07,0.6,0.4,54,14552455.97999999,35447544.02000001,"Selected (Efficiency Rank #54 of 354). Revenue impact: 1.50% (weight=0.6), Employment impact: 3.45% (weight=0.4). Composite score: 0.1878. Subsidy ₹200,000 fit within remaining budget ₹35,647,544."
55,MSME_0149,IT Services,Micro,Urban,SCH_005,New Enterprise Support,49074205.98,25,200000.0,1,49274205.98,26,0.4075,4.0,0.0163,0.44000044000044003,0.18578017600017604,9.289008800008802e-07,0.6,0.4,55,14752455.97999999,35247544.02000001,"Selected (Efficiency Rank #55 of 354). Revenue impact: 0.41% (weight=0.6), Employment impact: 4.00% (weight=0.4). Composite score: 0.1858. Subsidy ₹200,000 fit within remaining budget ₹35,447,544."
56,MSME_0284,Food Processing,Micro,Rural,SCH_003,Rural Employment Boost,44365997.72,17,300000.0,1,44665997.72,18,0.6762,5.8824,0.027048000000000003,0.6470646470646471,0.27505465882585883,9.168488627528627e-07,0.6,0.4,56,15052455.97999999,34947544.02000001,"Selected (Efficiency Rank #56 of 354). Revenue impact: 0.68% (weight=0.6), Employment impact: 5.88% (weight=0.4). Composite score: 0.2751. Subsidy ₹300,000 fit within remaining budget ₹35,247,544."
57,MSME_0216,IT Services,Micro,Semi-Urban,SCH_005,New Enterprise Support,35863996.12,26,200000.0,1,36063996.12,27,0.5577,3.8462,0.022307999999999998,0.4230824230824231,0.18261776923296927,9.130888461648464e-07,0.6,0.4,57,15252455.97999999,34747544.02000001,"Selected (Efficiency Rank #57 of 354). Revenue impact: 0.56% (weight=0.6), Employment impact: 3.85% (weight=0.4). Composite score: 0.1826. Subsidy ₹200,000 fit within remaining budget ₹34,947,544."
58,MSME_0001,Textiles,Micro,Urban,SCH_005,New Enterprise Support,8222922.7,37,200000.0,1,8422922.7,38,2.4322,2.7027,0.097288,0.2972972972972973,0.17729171891891893,8.864585945945946e-07,0.6,0.4,58,15452455.97999999,34547544.02000001,"Selected (Efficiency Rank #58 of 354). Revenue impact: 2.43% (weight=0.6), Employment impact: 2.70% (weight=0.4). Composite score: 0.1773. Subsidy ₹200,000 fit within remaining budget ₹34,747,544."
59,MSME_0098,Textiles,Micro,Semi-Urban,SCH_005,New Enterprise Support,11351092.37,33,200000.0,1,11551092.37,34,1.7619,3.0303,0.070476,0.33333333333333337,0.17561893333333337,8.780946666666668e-07,0.6,0.4,59,15652455.97999999,34347544.02000001,"Selected (Efficiency Rank #59 of 354). Revenue impact: 1.76% (weight=0.6), Employment impact: 3.03% (weight=0.4). Composite score: 0.1756. Subsidy ₹200,000 fit within remaining budget ₹34,547,544."
60,MSME_0330,IT Services,Micro,Urban,SCH_005,New Enterprise Support,7092515.22,42,200000.0,1,7292515.22,43,2.8199,2.381,0.11279600000000001,0.2619102619102619,0.17244170476410475,8.622085238205238e-07,0.6,0.4,60,15852455.97999999,34147544.02000001,"Selected (Efficiency Rank #60 of 354). Revenue impact: 2.82% (weight=0.6), Employment impact: 2.38% (weight=0.4). Composite score: 0.1724. Subsidy ₹200,000 fit within remaining budget ₹34,347,544."
61,MSME_0342,Manufacturing,Micro,Urban,SCH_005,New Enterprise Support,9865191.72,36,200000.0,1,10065191.72,37,2.0273,2.7778,0.081092,0.3055583055583056,0.17087852222332223,8.543926111166111e-07,0.6,0.4,61,16052455.97999999,33947544.02000001,"Selected (Efficiency Rank #61 of 354). Revenue impact: 2.03% (weight=0.6), Employment impact: 2.78% (weight=0.4). Composite score: 0.1709. Subsidy ₹200,000 fit within remaining budget ₹34,147,544."
62,MSME_0150,Manufacturing,Micro,Semi-Urban,SCH_005,New Enterprise Support,12922849.74,35,200000.0,1,13122849.74,36,1.5476,2.8571,0.061904,0.3142813142813143,0.16285492571252572,8.142746285626286e-07,0.6,0.4,62,16252455.97999999,33747544.02000001,"Selected (Efficiency Rank #62 of 354). Revenue impact: 1.55% (weight=0.6), Employment impact: 2.86% (weight=0.4). Composite score: 0.1629. Subsidy ₹200,000 fit within remaining budget ₹33,947,544."
63,MSME_0257,Manufacturing,Medium,Urban,SCH_004,Export Excellence Incentive,3588506.4,36,897126.6,1,4485632.99,37,25.0,2.7778,1.0,0.3055583055583056,0.7222233222233222,8.05040584264609e-07,0.6,0.4,63,17149582.57999999,32850417.42000001,"Selected (Efficiency Rank #63 of 354). Revenue impact: 25.00% (weight=0.6), Employment impact: 2.78% (weight=0.4). Composite score: 0.7222. Subsidy ₹897,127 fit within remaining budget ₹33,747,544."
64,MSME_0007,Manufacturing,Small,Urban,SCH_001,Digital MSME Transformation Grant,3646138.34,123,500000.0,2,4146138.34,125,13.7131,1.626,0.548524,0.17886017886017885,0.4006584715440715,8.013169430881431e-07,0.6,0.4,64,17649582.57999999,32350417.42000001,"Selected (Efficiency Rank #64 of 354). Revenue impact: 13.71% (weight=0.6), Employment impact: 1.63% (weight=0.4). Composite score: 0.4007. Subsidy ₹500,000 fit within remaining budget ₹32,850,417."
65,MSME_0301,Textiles,Medium,Urban,SCH_004,Export Excellence Incentive,3935007.25,147,983751.81,6,4918759.07,153,25.0,4.0816,1.0,0.448976448976449,0.7795905795905795,7.924667295814983e-07,0.6,0.4,65,18633334.38999999,31366665.61000001,"Selected (Efficiency Rank #65 of 354). Revenue impact: 25.00% (weight=0.6), Employment impact: 4.08% (weight=0.4). Composite score: 0.7796. Subsidy ₹983,752 fit within remaining budget ₹32,350,417."
66,MSME_0238,Food Processing,Micro,Rural,SCH_005,New Enterprise Support,43637686.86,30,200000.0,1,43837686.86,31,0.4583,3.3333,0.018332,0.3666633666633667,0.15766454666534668,7.883227333267335e-07,0.6,0.4,66,18833334.38999999,31166665.61000001,"Selected (Efficiency Rank #66 of 354). Revenue impact: 0.46% (weight=0.6), Employment impact: 3.33% (weight=0.4). Composite score: 0.1577. Subsidy ₹200,000 fit within remaining budget ₹31,366,666."
67,MSME_0113,Textiles,Small,Semi-Urban,SCH_002,Green Tech Subsidy,5520331.01,46,552033.1,2,6072364.11,48,10.0,4.3478,0.4,0.47825847825847834,0.43130339130339135,7.81299873691254e-07,0.6,0.4,67,19385367.48999999,30614632.51000001,"Selected (Efficiency Rank #67 of 354). Revenue impact: 10.00% (weight=0.6), Employment impact: 4.35% (weight=0.4). Composite score: 0.4313. Subsidy ₹552,033 fit within remaining budget ₹31,166,666."
68,MSME_0074,Manufacturing,Micro,Semi-Urban,SCH_005,New Enterprise Support,26304383.04,32,200000.0,1,26504383.04,33,0.7603,3.125,0.030411999999999998,0.34375034375034375,0.1557473375001375,7.787366875006875e-07,0.6,0.4,68,19585367.48999999,30414632.51000001,"Selected (Efficiency Rank #68 of 354). Revenue impact: 0.76% (weight=0.6), Employment impact: 3.12% (weight=0.4). Composite score: 0.1557. Subsidy ₹200,000 fit within remaining budget ₹30,614,633."
69,MSME_0315,Food Processing,Micro,Semi-Urban,SCH_005,New Enterprise Support,47008645.16,31,200000.0,1,47208645.16,32,0.4255,3.2258,0.01702,0.35483835483835485,0.15214734193534193,7.607367096767097e-07,0.6,0.4,69,19785367.48999999,30214632.51000001,"Selected (Efficiency Rank #69 of 354). Revenue impact: 0.43% (weight=0.6), Employment impact: 3.23% (weight=0.4). Composite score: 0.1521. Subsidy ₹200,000 fit within remaining budget ₹30,414,633."
70,MSME_0165,Retail,Micro,Urban,SCH_005,New Enterprise Support,26499368.0,33,200000.0,1,26699368.0,34,0.7547,3.0303,0.030188000000000003,0.33333333333333337,0.15144613333333337,7.572306666666669e-07,0.6,0.4,70,19985367.48999999,30014632.51000001,"Selected (Efficiency Rank #70 of 354). Revenue impact: 0.75% (weight=0.6), Employment impact: 3.03% (weight=0.4). Composite score: 0.1514. Subsidy ₹200,000 fit within remaining budget ₹30,214,633."
71,MSME_0218,Textiles,Micro,Semi-Urban,SCH_005,New Enterprise Support,27690833.69,33,200000.0,1,27890833.69,34,0.7223,3.0303,0.028892,0.33333333333333337,0.15066853333333335,7.533426666666667e-07,0.6,0.4,71,20185367.48999999,29814632.51000001,"Selected (Efficiency Rank #71 of 354). Revenue impact: 0.72% (weight=0.6), Employment impact: 3.03% (weight=0.4). Composite score: 0.1507. Subsidy ₹200,000 fit within remaining budget ₹30,014,633."
72,MSME_0185,IT Services,Micro,Rural,SCH_005,New Enterprise Support,17003662.45,36,200000.0,1,17203662.45,37,1.1762,2.7778,0.047048,0.3055583055583056,0.15045212222332224,7.522606111166112e-07,0.6,0.4,72,20385367.48999999,29614632.51000001,"Selected (Efficiency Rank #72 of 354). Revenue impact: 1.18% (weight=0.6), Employment impact: 2.78% (weight=0.4). Composite score: 0.1505. Subsidy ₹200,000 fit within remaining budget ₹29,814,633."
73,MSME_0219,Manufacturing,Micro,Semi-Urban,SCH_005,New Enterprise Support,12131183.55,41,200000.0,1,12331183.55,42,1.6486,2.439,0.065944,0.2682902682902683,0.14688250731610733,7.344125365805366e-07,0.6,0.4,73,20585367.48999999,29414632.51000001,"Selected (Efficiency Rank #73 of 354). Revenue impact: 1.65% (weight=0.6), Employment impact: 2.44% (weight=0.4). Composite score: 0.1469. Subsidy ₹200,000 fit within remaining budget ₹29,614,633."
74,MSME_0086,Food Processing,Micro,Semi-Urban,SCH_005,New Enterprise Support,48085106.77,33,200000.0,1,48285106.77,34,0.4159,3.0303,0.016635999999999998,0.33333333333333337,0.14331493333333337,7.165746666666669e-07,0.6,0.4,74,20785367.48999999,29214632.51000001,"Selected (Efficiency Rank #74 of 354). Revenue impact: 0.42% (weight=0.6), Employment impact: 3.03% (weight=0.4). Composite score: 0.1433. Subsidy ₹200,000 fit within remaining budget ₹29,414,633."
75,MSME_0101,Food Processing,Micro,Semi-Urban,SCH_005,New Enterprise Support,12171708.65,43,200000.0,1,12371708.65,44,1.6432,2.3256,0.065728,0.25581625581625583,0.14176330232650233,7.088165116325116e-07,0.6,0.4,75,20985367.48999999,29014632.51000001,"Selected (Efficiency Rank #75 of 354). Revenue impact: 1.64% (weight=0.6), Employment impact: 2.33% (weight=0.4). Composite score: 0.1418. Subsidy ₹200,000 fit within remaining budget ₹29,214,633."
76,MSME_0109,Manufacturing,Micro,Urban,SCH_001,Digital MSME Transformation Grant,4978843.92,39,500000.0,1,5478843.92,40,10.0425,2.5641,0.4017,0.28205128205128205,0.3538405128205128,7.076810256410256e-07,0.6,0.4,76,21485367.48999999,28514632.51000001,"Selected (Efficiency Rank #76 of 354). Revenue impact: 10.04% (weight=0.6), Employment impact: 2.56% (weight=0.4). Composite score: 0.3538. Subsidy ₹500,000 fit within remaining budget ₹29,014,633."
77,MSME_0262,Textiles,Medium,Semi-Urban,SCH_002,Green Tech Subsidy,6292080.38,108,629208.04,5,6921288.42,113,10.0,4.6296,0.4,0.5092565092565092,0.4437026037026037,7.051763097347003e-07,0.6,0.4,77,22114575.52999999,27885424.47000001,"Selected (Efficiency Rank #77 of 354). Revenue impact: 10.00% (weight=0.6), Employment impact: 4.63% (weight=0.4). Composite score: 0.4437. Subsidy ₹629,208 fit within remaining budget ₹28,514,633."
78,MSME_0224,IT Services,Micro,Semi-Urban,SCH_005,New Enterprise Support,26225361.01,36,200000.0,1,26425361.01,37,0.7626,2.7778,0.030503999999999996,0.3055583055583056,0.14052572222332224,7.026286111166112e-07,0.6,0.4,78,22314575.52999999,27685424.47000001,"Selected (Efficiency Rank #78 of 354). Revenue impact: 0.76% (weight=0.6), Employment impact: 2.78% (weight=0.4). Composite score: 0.1405. Subsidy ₹200,000 fit within remaining budget ₹27,885,424."
79,MSME_0323,IT Services,Micro,Urban,SCH_005,New Enterprise Support,3425738.13,14,200000.0,0,3625738.13,14,5.8382,0.0,0.23352799999999999,0.0,0.14011679999999999,7.005839999999999e-07,0.6,0.4,79,22514575.52999999,27485424.47000001,"Selected (Efficiency Rank #79 of 354). Revenue impact: 5.84% (weight=0.6), Employment impact: 0.00% (weight=0.4). Composite score: 0.1401. Subsidy ₹200,000 fit within remaining budget ₹27,685,424."
80,MSME_0323,IT Services,Micro,Urban,SCH_001,Digital MSME Transformation Grant,3425738.13,14,500000.0,0,3925738.13,14,14.5954,0.0,0.583816,0.0,0.3502896,7.005792e-07,0.6,0.4,80,23014575.52999999,26985424.47000001,"Selected (Efficiency Rank #80 of 354). Revenue impact: 14.60% (weight=0.6), Employment impact: 0.00% (weight=0.4). Composite score: 0.3503. Subsidy ₹500,000 fit within remaining budget ₹27,485,424."
81,MSME_0336,Textiles,Micro,Semi-Urban,SCH_005,New Enterprise Support,15973602.23,40,200000.0,1,16173602.23,41,1.2521,2.5,0.050084,0.275000275000275,0.14005051000011,7.002525500005501e-07,0.6,0.4,81,23214575.52999999,26785424.47000001,"Selected (Efficiency Rank #81 of 354). Revenue impact: 1.25% (weight=0.6), Employment impact: 2.50% (weight=0.4). Composite score: 0.1401. Subsidy ₹200,000 fit within remaining budget ₹26,985,424."
82,MSME_0029,Textiles,Micro,Urban,SCH_005,New Enterprise Support,27624608.22,36,200000.0,1,27824608.22,37,0.724,2.7778,0.02896,0.3055583055583056,0.13959932222332225,6.979966111166113e-07,0.6,0.4,82,23414575.52999999,26585424.47000001,"Selected (Efficiency Rank #82 of 354). Revenue impact: 0.72% (weight=0.6), Employment impact: 2.78% (weight=0.4). Composite score: 0.1396. Subsidy ₹200,000 fit within remaining budget ₹26,785,424."
83,MSME_0121,Manufacturing,Small,Urban,SCH_002,Green Tech Subsidy,6431535.6,127,643153.56,6,7074689.16,133,10.0,4.7244,0.4,0.5196845196845197,0.44787380787380787,6.963714977707778e-07,0.6,0.4,83,24057729.08999999,25942270.91000001,"Selected (Efficiency Rank #83 of 354). Revenue impact: 10.00% (weight=0.6), Employment impact: 4.72% (weight=0.4). Composite score: 0.4479. Subsidy ₹643,154 fit within remaining budget ₹26,585,424."
84,MSME_0048,Manufacturing,Micro,Rural,SCH_005,New Enterprise Support,39563976.31,35,200000.0,1,39763976.31,36,0.5055,2.8571,0.02022,0.3142813142813143,0.13784452571252573,6.892226285626286e-07,0.6,0.4,84,24257729.08999999,25742270.91000001,"Selected (Efficiency Rank #84 of 354). Revenue impact: 0.51% (weight=0.6), Employment impact: 2.86% (weight=0.4). Composite score: 0.1378. Subsidy ₹200,000 fit within remaining budget ₹25,942,271."
85,MSME_0030,Food Processing,Micro,Urban,SCH_005,New Enterprise Support,25509992.44,37,200000.0,1,25709992.44,38,0.784,2.7027,0.03136,0.2972972972972973,0.13773491891891892,6.886745945945946e-07,0.6,0.4,85,24457729.08999999,25542270.91000001,"Selected (Efficiency Rank #85 of 354). Revenue impact: 0.78% (weight=0.6), Employment impact: 2.70% (weight=0.4). Composite score: 0.1377. Subsidy ₹200,000 fit within remaining budget ₹25,742,271."
86,MSME_0160,Retail,Micro,Urban,SCH_005,New Enterprise Support,32831558.13,36,200000.0,1,33031558.13,37,0.6092,2.7778,0.024367999999999997,0.3055583055583056,0.13684412222332223,6.842206111166112e-07,0.6,0.4,86,24657729.08999999,25342270.91000001,"Selected (Efficiency Rank #86 of 354). Revenue impact: 0.61% (weight=0.6), Employment impact: 2.78% (weight=0.4). Composite score: 0.1368. Subsidy ₹200,000 fit within remaining budget ₹25,542,271."
87,MSME_0349,Retail,Micro,Rural,SCH_005,New Enterprise Support,43933880.27,35,200000.0,1,44133880.27,36,0.4552,2.8571,0.018208,0.3142813142813143,0.13663732571252574,6.831866285626287e-07,0.6,0.4,87,24857729.08999999,25142270.91000001,"Selected (Efficiency Rank #87 of 354). Revenue impact: 0.46% (weight=0.6), Employment impact: 2.86% (weight=0.4). Composite score: 0.1366. Subsidy ₹200,000 fit within remaining budget ₹25,342,271."
88,MSME_0081,Textiles,Medium,Urban,SCH_002,Green Tech Subsidy,6456768.72,22,645676.87,1,7102445.59,23,10.0,4.5455,0.4,0.5000055000055,0.44000220000220003,6.814588232070324e-07,0.6,0.4,88,25503405.95999999,24496594.04000001,"Selected (Efficiency Rank #88 of 354). Revenue impact: 10.00% (weight=0.6), Employment impact: 4.55% (weight=0.4). Composite score: 0.4400. Subsidy ₹645,677 fit within remaining budget ₹25,142,271."
89,MSME_0079,Retail,Micro,Semi-Urban,SCH_005,New Enterprise Support,23631882.94,38,200000.0,1,23831882.94,39,0.8463,2.6316,0.033852,0.2894762894762895,0.1361017157905158,6.80508578952579e-07,0.6,0.4,89,25703405.95999999,24296594.04000001,"Selected (Efficiency Rank #89 of 354). Revenue impact: 0.85% (weight=0.6), Employment impact: 2.63% (weight=0.4). Composite score: 0.1361. Subsidy ₹200,000 fit within remaining budget ₹24,496,594."
90,MSME_0311,IT Services,Micro,Rural,SCH_005,New Enterprise Support,40880585.53,36,200000.0,1,41080585.53,37,0.4892,2.7778,0.019568000000000002,0.3055583055583056,0.13396412222332224,6.698206111166112e-07,0.6,0.4,90,25903405.95999999,24096594.04000001,"Selected (Efficiency Rank #90 of 354). Revenue impact: 0.49% (weight=0.6), Employment impact: 2.78% (weight=0.4). Composite score: 0.1340. Subsidy ₹200,000 fit within remaining budget ₹24,296,594."
91,MSME_0227,Retail,Micro,Semi-Urban,SCH_005,New Enterprise Support,13028526.19,46,200000.0,1,13228526.19,47,1.5351,2.1739,0.06140399999999999,0.23912923912923917,0.13249409565169568,6.624704782584784e-07,0.6,0.4,91,26103405.95999999,23896594.04000001,"Selected (Efficiency Rank #91 of 354). Revenue impact: 1.54% (weight=0.6), Employment impact: 2.17% (weight=0.4). Composite score: 0.1325. Subsidy ₹200,000 fit within remaining budget ₹24,096,594."
92,MSME_0016,Food Processing,Micro,Semi-Urban,SCH_005,New Enterprise Support,48696359.92,36,200000.0,1,48896359.92,37,0.4107,2.7778,0.016428,0.3055583055583056,0.13208012222332224,6.604006111166112e-07,0.6,0.4,92,26303405.95999999,23696594.04000001,"Selected (Efficiency Rank #92 of 354). Revenue impact: 0.41% (weight=0.6), Employment impact: 2.78% (weight=0.4). Composite score: 0.1321. Subsidy ₹200,000 fit within remaining budget ₹23,896,594."
93,MSME_0146,Food Processing,Micro,Urban,SCH_005,New Enterprise Support,22041429.76,40,200000.0,1,22241429.76,41,0.9074,2.5,0.036296,0.275000275000275,0.13177771000011002,6.588885500005501e-07,0.6,0.4,93,26503405.95999999,23496594.04000001,"Selected (Efficiency Rank #93 of 354). Revenue impact: 0.91% (weight=0.6), Employment impact: 2.50% (weight=0.4). Composite score: 0.1318. Subsidy ₹200,000 fit within remaining budget ₹23,696,594."
94,MSME_0206,IT Services,Micro,Rural,SCH_005,New Enterprise Support,24106555.27,40,200000.0,1,24306555.27,41,0.8296,2.5,0.033184,0.275000275000275,0.12991051000011,6.4955255000055e-07,0.6,0.4,94,26703405.95999999,23296594.04000001,"Selected (Efficiency Rank #94 of 354). Revenue impact: 0.83% (weight=0.6), Employment impact: 2.50% (weight=0.4). Composite score: 0.1299. Subsidy ₹200,000 fit within remaining budget ₹23,496,594."
95,MSME_0073,Manufacturing,Micro,Urban,SCH_005,New Enterprise Support,35393814.71,38,200000.0,1,35593814.71,39,0.5651,2.6316,0.022604000000000003,0.2894762894762895,0.1293529157905158,6.46764578952579e-07,0.6,0.4,95,26903405.95999999,23096594.04000001,"Selected (Efficiency Rank #95 of 354). Revenue impact: 0.57% (weight=0.6), Employment impact: 2.63% (weight=0.4). Composite score: 0.1294. Subsidy ₹200,000 fit within remaining budget ₹23,296,594."
96,MSME_0106,IT Services,Micro,Urban,SCH_005,New Enterprise Support,29215555.37,39,200000.0,1,29415555.37,40,0.6846,2.5641,0.027384,0.28205128205128205,0.12925091282051282,6.462545641025641e-07,0.6,0.4,96,27103405.95999999,22896594.04000001,"Selected (Efficiency Rank #96 of 354). Revenue impact: 0.68% (weight=0.6), Employment impact: 2.56% (weight=0.4). Composite score: 0.1293. Subsidy ₹200,000 fit within remaining budget ₹23,096,594."
97,MSME_0003,Retail,Micro,Urban,SCH_005,New Enterprise Support,3720053.85,10,200000.0,0,3920053.85,10,5.3763,0.0,0.215052,0.0,0.12903119999999998,6.451559999999999e-07,0.6,0.4,97,27303405.95999999,22696594.04000001,"Selected (Efficiency Rank #97 of 354). Revenue impact: 5.38% (weight=0.6), Employment impact: 0.00% (weight=0.4). Composite score: 0.1290. Subsidy ₹200,000 fit within remaining budget ₹22,896,594."
98,MSME_0065,Retail,Micro,Semi-Urban,SCH_005,New Enterprise Support,13067483.92,48,200000.0,1,13267483.92,49,1.5305,2.0833,0.06122,0.22916322916322918,0.12839729166529168,6.419864583264584e-07,0.6,0.4,98,27503405.95999999,22496594.04000001,"Selected (Efficiency Rank #98 of 354). Revenue impact: 1.53% (weight=0.6), Employment impact: 2.08% (weight=0.4). Composite score: 0.1284. Subsidy ₹200,000 fit within remaining budget ₹22,696,594."
99,MSME_0096,IT Services,Micro,Semi-Urban,SCH_001,Digital MSME Transformation Grant,6648888.35,32,500000.0,1,7148888.35,33,7.5201,3.125,0.300804,0.34375034375034375,0.3179825375001375,6.35965075000275e-07,0.6,0.4,99,28003405.95999999,21996594.04000001,"Selected (Efficiency Rank #99 of 354). Revenue impact: 7.52% (weight=0.6), Employment impact: 3.12% (weight=0.4). Composite score: 0.3180. Subsidy ₹500,000 fit within remaining budget ₹22,496,594."
100,MSME_0333,Manufacturing,Micro,Rural,SCH_001,Digital MSME Transformation Grant,3835155.14,11,500000.0,0,4335155.14,11,13.0373,0.0,0.521492,0.0,0.3128952,6.257904e-07,0.6,0.4,100,28503405.95999999,21496594.04000001,"Selected (Efficiency Rank #100 of 354). Revenue impact: 13.04% (weight=0.6), Employment impact: 0.00% (weight=0.4). Composite score: 0.3129. Subsidy ₹500,000 fit within remaining budget ₹21,996,594."
101,MSME_0333,Manufacturing,Micro,Rural,SCH_005,New Enterprise Support,3835155.14,11,200000.0,0,4035155.14,11,5.2149,0.0,0.208596,0.0,0.1251576,6.25788e-07,0.6,0.4,101,28703405.95999999,21296594.04000001,"Selected (Efficiency Rank #101 of 354). Revenue impact: 5.21% (weight=0.6), Employment impact: 0.00% (weight=0.4). Composite score: 0.1252. Subsidy ₹200,000 fit within remaining budget ₹21,496,594."
102,MSME_0272,Food Processing,Medium,Urban,SCH_004,Export Excellence Incentive,4904990.89,133,1226247.72,5,6131238.61,138,25.0,3.7594,1.0,0.41353441353441356,0.7654137654137654,6.241917949611074e-07,0.6,0.4,102,29929653.67999999,20070346.32000001,"Selected (Efficiency Rank #102 of 354). Revenue impact: 25.00% (weight=0.6), Employment impact: 3.76% (weight=0.4). Composite score: 0.7654. Subsidy ₹1,226,248 fit within remaining budget ₹21,296,594."
103,MSME_0151,Manufacturing,Micro,Rural,SCH_005,New Enterprise Support,33377301.77,40,200000.0,1,33577301.77,41,0.5992,2.5,0.023968,0.275000275000275,0.12438091000011,6.219045500005501e-07,0.6,0.4,103,30129653.67999999,19870346.32000001,"Selected (Efficiency Rank #103 of 354). Revenue impact: 0.60% (weight=0.6), Employment impact: 2.50% (weight=0.4). Composite score: 0.1244. Subsidy ₹200,000 fit within remaining budget ₹20,070,346."
104,MSME_0031,Textiles,Medium,Urban,SCH_004,Export Excellence Incentive,5039355.29,72,1259838.82,3,6299194.11,75,25.0,4.1667,1.0,0.4583374583374583,0.7833349833349833,6.217739689391245e-07,0.6,0.4,104,31389492.49999999,18610507.50000001,"Selected (Efficiency Rank #104 of 354). Revenue impact: 25.00% (weight=0.6), Employment impact: 4.17% (weight=0.4). Composite score: 0.7833. Subsidy ₹1,259,839 fit within remaining budget ₹19,870,346."
105,MSME_0225,Food Processing,Medium,Urban,SCH_004,Export Excellence Incentive,5057315.81,72,1264328.95,3,6321644.76,75,25.0,4.1667,1.0,0.4583374583374583,0.7833349833349833,6.195658047179757e-07,0.6,0.4,105,32653821.449999988,17346178.550000012,"Selected (Efficiency Rank #105 of 354). Revenue impact: 25.00% (weight=0.6), Employment impact: 4.17% (weight=0.4). Composite score: 0.7833. Subsidy ₹1,264,329 fit within remaining budget ₹18,610,508."
106,MSME_0173,Food Processing,Micro,Semi-Urban,SCH_005,New Enterprise Support,43748080.38,39,200000.0,1,43948080.38,40,0.4572,2.5641,0.018288,0.28205128205128205,0.12379331282051283,6.189665641025641e-07,0.6,0.4,106,32853821.449999988,17146178.550000012,"Selected (Efficiency Rank #106 of 354). Revenue impact: 0.46% (weight=0.6), Employment impact: 2.56% (weight=0.4). Composite score: 0.1238. Subsidy ₹200,000 fit within remaining budget ₹17,346,179."
107,MSME_0091,Retail,Micro,Semi-Urban,SCH_005,New Enterprise Support,48243763.38,39,200000.0,1,48443763.38,40,0.4146,2.5641,0.016584,0.28205128205128205,0.12277091282051282,6.138545641025641e-07,0.6,0.4,107,33053821.449999988,16946178.550000012,"Selected (Efficiency Rank #107 of 354). Revenue impact: 0.41% (weight=0.6), Employment impact: 2.56% (weight=0.4). Composite score: 0.1228. Subsidy ₹200,000 fit within remaining budget ₹17,146,179."
108,MSME_0186,Manufacturing,Micro,Urban,SCH_001,Digital MSME Transformation Grant,3916962.27,10,500000.0,0,4416962.27,10,12.765,0.0,0.5106,0.0,0.30636,6.1272e-07,0.6,0.4,108,33553821.449999988,16446178.550000012,"Selected (Efficiency Rank #108 of 354). Revenue impact: 12.77% (weight=0.6), Employment impact: 0.00% (weight=0.4). Composite score: 0.3064. Subsidy ₹500,000 fit within remaining budget ₹16,946,179."
109,MSME_0186,Manufacturing,Micro,Urban,SCH_005,New Enterprise Support,3916962.27,10,200000.0,0,4116962.27,10,5.106,0.0,0.20424,0.0,0.122544,6.1272e-07,0.6,0.4,109,33753821.44999999,16246178.550000012,"Selected (Efficiency Rank #109 of 354). Revenue impact: 5.11% (weight=0.6), Employment impact: 0.00% (weight=0.4). Composite score: 0.1225. Subsidy ₹200,000 fit within remaining budget ₹16,446,179."
110,MSME_0213,Textiles,Micro,Urban,SCH_005,New Enterprise Support,27185180.36,42,200000.0,1,27385180.36,43,0.7357,2.381,0.029428,0.2619102619102619,0.12242090476410476,6.121045238205238e-07,0.6,0.4,110,33953821.44999999,16046178.550000012,"Selected (Efficiency Rank #110 of 354). Revenue impact: 0.74% (weight=0.6), Employment impact: 2.38% (weight=0.4). Composite score: 0.1224. Subsidy ₹200,000 fit within remaining budget ₹16,246,179."
111,MSME_0303,Textiles,Micro,Semi-Urban,SCH_005,New Enterprise Support,28050632.21,42,200000.0,1,28250632.21,43,0.713,2.381,0.02852,0.2619102619102619,0.12187610476410476,6.093805238205238e-07,0.6,0.4,111,34153821.44999999,15846178.550000012,"Selected (Efficiency Rank #111 of 354). Revenue impact: 0.71% (weight=0.6), Employment impact: 2.38% (weight=0.4). Composite score: 0.1219. Subsidy ₹200,000 fit within remaining budget ₹16,046,179."
112,MSME_0138,Textiles,Medium,Semi-Urban,SCH_002,Green Tech Subsidy,7958467.33,116,795846.73,6,8754314.06,122,10.0,5.1724,0.4,0.5689645689645689,0.46758582758582756,5.875325109218298e-07,0.6,0.4,112,34949668.179999985,15050331.820000011,"Selected (Efficiency Rank #112 of 354). Revenue impact: 10.00% (weight=0.6), Employment impact: 5.17% (weight=0.4). Composite score: 0.4676. Subsidy ₹795,847 fit within remaining budget ₹15,846,179."
113,MSME_0121,Manufacturing,Small,Urban,SCH_001,Digital MSME Transformation Grant,6431535.6,127,500000.0,3,6931535.6,130,7.7742,2.3622,0.310968,0.25984225984225984,0.29051770393690396,5.810354078738079e-07,0.6,0.4,113,35449668.17999999,14550331.820000011,"Selected (Efficiency Rank #113 of 354). Revenue impact: 7.77% (weight=0.6), Employment impact: 2.36% (weight=0.4). Composite score: 0.2905. Subsidy ₹500,000 fit within remaining budget ₹15,050,332."
114,MSME_0313,Manufacturing,Micro,Semi-Urban,SCH_005,New Enterprise Support,26500291.73,45,200000.0,1,26700291.73,46,0.7547,2.2222,0.030188000000000003,0.24444224444224444,0.11588969777689778,5.794484888844889e-07,0.6,0.4,114,35649668.17999999,14350331.820000011,"Selected (Efficiency Rank #114 of 354). Revenue impact: 0.75% (weight=0.6), Employment impact: 2.22% (weight=0.4). Composite score: 0.1159. Subsidy ₹200,000 fit within remaining budget ₹14,550,332."
115,MSME_0070,IT Services,Micro,Rural,SCH_001,Digital MSME Transformation Grant,7430917.66,35,500000.0,1,7930917.66,36,6.7286,2.8571,0.269144,0.3142813142813143,0.2871989257125257,5.743978514250514e-07,0.6,0.4,115,36149668.17999999,13850331.820000011,"Selected (Efficiency Rank #115 of 354). Revenue impact: 6.73% (weight=0.6), Employment impact: 2.86% (weight=0.4). Composite score: 0.2872. Subsidy ₹500,000 fit within remaining budget ₹14,350,332."
116,MSME_0035,Textiles,Micro,Rural,SCH_005,New Enterprise Support,22098623.66,48,200000.0,1,22298623.66,49,0.905,2.0833,0.0362,0.22916322916322918,0.11338529166529168,5.669264583264584e-07,0.6,0.4,116,36349668.17999999,13650331.820000011,"Selected (Efficiency Rank #116 of 354). Revenue impact: 0.91% (weight=0.6), Employment impact: 2.08% (weight=0.4). Composite score: 0.1134. Subsidy ₹200,000 fit within remaining budget ₹13,850,332."
117,MSME_0077,Textiles,Micro,Urban,SCH_005,New Enterprise Support,33251931.17,45,200000.0,1,33451931.17,46,0.6015,2.2222,0.02406,0.24444224444224444,0.11221289777689779,5.610644888844889e-07,0.6,0.4,117,36549668.17999999,13450331.820000011,"Selected (Efficiency Rank #117 of 354). Revenue impact: 0.60% (weight=0.6), Employment impact: 2.22% (weight=0.4). Composite score: 0.1122. Subsidy ₹200,000 fit within remaining budget ₹13,650,332."
118,MSME_0235,Manufacturing,Micro,Urban,SCH_005,New Enterprise Support,4343218.41,6,200000.0,0,4543218.41,6,4.6049,0.0,0.184196,0.0,0.1105176,5.52588e-07,0.6,0.4,118,36749668.17999999,13250331.820000011,"Selected (Efficiency Rank #118 of 354). Revenue impact: 4.60% (weight=0.6), Employment impact: 0.00% (weight=0.4). Composite score: 0.1105. Subsidy ₹200,000 fit within remaining budget ₹13,450,332."
119,MSME_0235,Manufacturing,Micro,Urban,SCH_001,Digital MSME Transformation Grant,4343218.41,6,500000.0,0,4843218.41,6,11.5122,0.0,0.460488,0.0,0.2762928,5.525856e-07,0.6,0.4,119,37249668.17999999,12750331.820000011,"Selected (Efficiency Rank #119 of 354). Revenue impact: 11.51% (weight=0.6), Employment impact: 0.00% (weight=0.4). Composite score: 0.2763. Subsidy ₹500,000 fit within remaining budget ₹13,250,332."
120,MSME_0299,Manufacturing,Micro,Urban,SCH_005,New Enterprise Support,33226463.58,46,200000.0,1,33426463.58,47,0.6019,2.1739,0.024076,0.23912923912923917,0.11009729565169568,5.504864782584784e-07,0.6,0.4,120,37449668.17999999,12550331.820000011,"Selected (Efficiency Rank #120 of 354). Revenue impact: 0.60% (weight=0.6), Employment impact: 2.17% (weight=0.4). Composite score: 0.1101. Subsidy ₹200,000 fit within remaining budget ₹12,750,332."
121,MSME_0330,IT Services,Micro,Urban,SCH_001,Digital MSME Transformation Grant,7092515.22,42,500000.0,1,7592515.22,43,7.0497,2.381,0.28198799999999996,0.2619102619102619,0.2739569047641047,5.479138095282094e-07,0.6,0.4,121,37949668.17999999,12050331.820000011,"Selected (Efficiency Rank #121 of 354). Revenue impact: 7.05% (weight=0.6), Employment impact: 2.38% (weight=0.4). Composite score: 0.2740. Subsidy ₹500,000 fit within remaining budget ₹12,550,332."
122,MSME_0085,Food Processing,Micro,Rural,SCH_005,New Enterprise Support,26302385.45,49,200000.0,1,26502385.45,50,0.7604,2.0408,0.030416,0.2244882244882245,0.10804488979528981,5.402244489764491e-07,0.6,0.4,122,38149668.17999999,11850331.820000011,"Selected (Efficiency Rank #122 of 354). Revenue impact: 0.76% (weight=0.6), Employment impact: 2.04% (weight=0.4). Composite score: 0.1080. Subsidy ₹200,000 fit within remaining budget ₹12,050,332."
123,MSME_0010,Food Processing,Medium,Rural,SCH_004,Export Excellence Incentive,5947570.26,22,1486892.57,1,7434462.83,23,25.0,4.5455,1.0,0.5000055000055,0.8000022000022,5.380363155639415e-07,0.6,0.4,123,39636560.74999999,10363439.250000011,"Selected (Efficiency Rank #123 of 354). Revenue impact: 25.00% (weight=0.6), Employment impact: 4.55% (weight=0.4). Composite score: 0.8000. Subsidy ₹1,486,893 fit within remaining budget ₹11,850,332."
124,MSME_0118,Manufacturing,Medium,Rural,SCH_004,Export Excellence Incentive,5653427.64,55,1413356.91,2,7066784.56,57,25.0,3.6364,1.0,0.4000044000044,0.76000176000176,5.377281241733626e-07,0.6,0.4,124,41049917.65999998,8950082.340000011,"Selected (Efficiency Rank #124 of 354). Revenue impact: 25.00% (weight=0.6), Employment impact: 3.64% (weight=0.4). Composite score: 0.7600. Subsidy ₹1,413,357 fit within remaining budget ₹10,363,439."
125,MSME_0255,Textiles,Small,Urban,SCH_002,Green Tech Subsidy,8107706.62,45,810770.66,2,8918477.28,47,10.0,4.4444,0.4,0.4888844888844889,0.4355537955537956,5.37209616778431e-07,0.6,0.4,125,41860688.319999985,8139311.680000011,"Selected (Efficiency Rank #125 of 354). Revenue impact: 10.00% (weight=0.6), Employment impact: 4.44% (weight=0.4). Composite score: 0.4356. Subsidy ₹810,771 fit within remaining budget ₹8,950,082."
126,MSME_0268,IT Services,Micro,Semi-Urban,SCH_005,New Enterprise Support,31502956.41,48,200000.0,1,31702956.41,49,0.6349,2.0833,0.025396000000000002,0.22916322916322918,0.10690289166529168,5.345144583264584e-07,0.6,0.4,126,42060688.31999999,7939311.680000011,"Selected (Efficiency Rank #126 of 354). Revenue impact: 0.63% (weight=0.6), Employment impact: 2.08% (weight=0.4). Composite score: 0.1069. Subsidy ₹200,000 fit within remaining budget ₹8,139,312."
127,MSME_0171,IT Services,Micro,Urban,SCH_005,New Enterprise Support,32001867.82,48,200000.0,1,32201867.82,49,0.625,2.0833,0.025,0.22916322916322918,0.10666529166529168,5.333264583264583e-07,0.6,0.4,127,42260688.31999999,7739311.680000011,"Selected (Efficiency Rank #127 of 354). Revenue impact: 0.62% (weight=0.6), Employment impact: 2.08% (weight=0.4). Composite score: 0.1067. Subsidy ₹200,000 fit within remaining budget ₹7,939,312."
128,MSME_0292,IT Services,Micro,Semi-Urban,SCH_005,New Enterprise Support,43599078.55,46,200000.0,1,43799078.55,47,0.4587,2.1739,0.018348,0.23912923912923917,0.10666049565169568,5.333024782584784e-07,0.6,0.4,128,42460688.31999999,7539311.680000011,"Selected (Efficiency Rank #128 of 354). Revenue impact: 0.46% (weight=0.6), Employment impact: 2.17% (weight=0.4). Composite score: 0.1067. Subsidy ₹200,000 fit within remaining budget ₹7,739,312."
129,MSME_0021,IT Services,Micro,Urban,SCH_001,Digital MSME Transformation Grant,4538911.93,9,500000.0,0,5038911.93,9,11.0159,0.0,0.440636,0.0,0.2643816,5.287631999999999e-07,0.6,0.4,129,42960688.31999999,7039311.680000011,"Selected (Efficiency Rank #129 of 354). Revenue impact: 11.02% (weight=0.6), Employment impact: 0.00% (weight=0.4). Composite score: 0.2644. Subsidy ₹500,000 fit within remaining budget ₹7,539,312."
130,MSME_0021,IT Services,Micro,Urban,SCH_005,New Enterprise Support,4538911.93,9,200000.0,0,4738911.93,9,4.4063,0.0,0.176252,0.0,0.10575119999999999,5.28756e-07,0.6,0.4,130,43160688.31999999,6839311.680000011,"Selected (Efficiency Rank #130 of 354). Revenue impact: 4.41% (weight=0.6), Employment impact: 0.00% (weight=0.4). Composite score: 0.1058. Subsidy ₹200,000 fit within remaining budget ₹7,039,312."
131,MSME_0145,Manufacturing,Micro,Urban,SCH_005,New Enterprise Support,48992512.39,46,200000.0,1,49192512.39,47,0.4082,2.1739,0.016328,0.23912923912923917,0.10544849565169567,5.272424782584784e-07,0.6,0.4,131,43360688.31999999,6639311.680000011,"Selected (Efficiency Rank #131 of 354). Revenue impact: 0.41% (weight=0.6), Employment impact: 2.17% (weight=0.4). Composite score: 0.1054. Subsidy ₹200,000 fit within remaining budget ₹6,839,312."
132,MSME_0339,Manufacturing,Small,Semi-Urban,SCH_001,Digital MSME Transformation Grant,12802721.14,26,500000.0,1,13302721.14,27,3.9054,3.8462,0.15621600000000002,0.4230824230824231,0.2629625692329693,5.259251384659386e-07,0.6,0.4,132,43860688.31999999,6139311.680000011,"Selected (Efficiency Rank #132 of 354). Revenue impact: 3.91% (weight=0.6), Employment impact: 3.85% (weight=0.4). Composite score: 0.2630. Subsidy ₹500,000 fit within remaining budget ₹6,639,312."
133,MSME_0226,Manufacturing,Small,Urban,SCH_002,Green Tech Subsidy,9117042.93,78,911704.29,4,10028747.22,82,10.0,5.1282,0.4,0.5641025641025641,0.4656410256410256,5.107369031257115e-07,0.6,0.4,133,44772392.60999999,5227607.390000011,"Selected (Efficiency Rank #133 of 354). Revenue impact: 10.00% (weight=0.6), Employment impact: 5.13% (weight=0.4). Composite score: 0.4656. Subsidy ₹911,704 fit within remaining budget ₹6,139,312."
134,MSME_0108,Manufacturing,Micro,Rural,SCH_005,New Enterprise Support,45974550.95,49,200000.0,1,46174550.95,50,0.435,2.0408,0.0174,0.2244882244882245,0.10023528979528981,5.011764489764491e-07,0.6,0.4,134,44972392.60999999,5027607.390000011,"Selected (Efficiency Rank #134 of 354). Revenue impact: 0.43% (weight=0.6), Employment impact: 2.04% (weight=0.4). Composite score: 0.1002. Subsidy ₹200,000 fit within remaining budget ₹5,227,607."
135,MSME_0131,IT Services,Micro,Urban,SCH_005,New Enterprise Support,47789066.98,49,200000.0,1,47989066.98,50,0.4185,2.0408,0.016739999999999998,0.2244882244882245,0.0998392897952898,4.99196448976449e-07,0.6,0.4,135,45172392.60999999,4827607.390000011,"Selected (Efficiency Rank #135 of 354). Revenue impact: 0.42% (weight=0.6), Employment impact: 2.04% (weight=0.4). Composite score: 0.0998. Subsidy ₹200,000 fit within remaining budget ₹5,027,607."
136,MSME_0081,Textiles,Medium,Urban,SCH_004,Export Excellence Incentive,6456768.72,22,1614192.18,1,8070960.9,23,25.0,4.5455,1.0,0.5000055000055,0.8000022000022,4.956053002327146e-07,0.6,0.4,136,46786584.78999999,3213415.210000011,"Selected (Efficiency Rank #136 of 354). Revenue impact: 25.00% (weight=0.6), Employment impact: 4.55% (weight=0.4). Composite score: 0.8000. Subsidy ₹1,614,192 fit within remaining budget ₹4,827,607."
137,MSME_0226,Manufacturing,Small,Urban,SCH_001,Digital MSME Transformation Grant,9117042.93,78,500000.0,2,9617042.93,80,5.4842,2.5641,0.219368,0.28205128205128205,0.24444131282051285,4.888826256410257e-07,0.6,0.4,137,47286584.78999999,2713415.210000011,"Selected (Efficiency Rank #137 of 354). Revenue impact: 5.48% (weight=0.6), Employment impact: 2.56% (weight=0.4). Composite score: 0.2444. Subsidy ₹500,000 fit within remaining budget ₹3,213,415."
138,MSME_0342,Manufacturing,Micro,Urban,SCH_001,Digital MSME Transformation Grant,9865191.72,36,500000.0,1,10365191.72,37,5.0683,2.7778,0.202732,0.3055583055583056,0.24386252222332222,4.877250444466444e-07,0.6,0.4,138,47786584.78999999,2213415.210000011,"Selected (Efficiency Rank #138 of 354). Revenue impact: 5.07% (weight=0.6), Employment impact: 2.78% (weight=0.4). Composite score: 0.2439. Subsidy ₹500,000 fit within remaining budget ₹2,713,415."
139,MSME_0262,Textiles,Medium,Semi-Urban,SCH_004,Export Excellence Incentive,6292080.38,108,1573020.1,4,7865100.48,112,25.0,3.7037,1.0,0.40740740740740744,0.762962962962963,4.850306508880356e-07,0.6,0.4,139,49359604.88999999,640395.110000011,"Selected (Efficiency Rank #139 of 354). Revenue impact: 25.00% (weight=0.6), Employment impact: 3.70% (weight=0.4). Composite score: 0.7630. Subsidy ₹1,573,020 fit within remaining budget ₹2,213,415."
140,MSME_0350,IT Services,Micro,Rural,SCH_001,Digital MSME Transformation Grant,5319661.24,13,500000.0,0,5819661.24,13,9.3991,0.0,0.375964,0.0,0.2255784,4.511568e-07,0.6,0.4,143,49859604.889999986,140395.11000001105,"Selected (Efficiency Rank #143 of 354). Revenue impact: 9.40% (weight=0.6), Employment impact: 0.00% (weight=0.4). Composite score: 0.2256. Subsidy ₹500,000 fit within remaining budget ₹640,395."
